word,level
и,A1
не,A1
что,A1
с,A1
это,A1
у,A1
из,A1
мочь,A1
человек,A1
ещё,A1
только,A1
кто,A1
да,A1
говорить,A1
или,A1
нет,A1
большой,A1
другой,A1
где,A1
есть,A1
там,A1
потом,A1
очень,A1
хотеть,A1
без,A1
дом,A1
тоже,A1
можно,A1
здесь,A1
спросить,A1
октябрь,A1
жить,A1
работа,A1
понимать,A1
хорошо,A1
вода,A1
любить,A1
россия,A1
маленький,A1
сегодня,A1
сколько,A1
быстро,A1
девушка,A1
медленно,A1
купить,A1
рубль,A1
трудно,A1
счёт,A1
помочь,A1
чай,A1
спасибо,A1
пожалуйста,A1
правильно,A1
вино,A1
ресторан,A1
пиво,A1
стоить,A1
кофе,A1
гостиница,A1
холодно,A1
такси,A1
туалет,A1
носок,A1
красиво,A1
жарко,A1
свободно,A1
вкусно,A1
бар,A1
супермаркет,A1
по-русски,A1
здравствуйте,A1
банкомат,A1
извините,A1
он,A1
я,A1
она,A1
они,A1
мы,A1
ты,A1
вы,A1
оно,A1
до свидания,A1
меня,A1
тебя,A1
вас,A1
мне,A1
тебе,A1
вам,A1
зовут,A1
в,A2
на,A2
а,A2
как,A2
но,A2
к,A2
так,A2
сказать,A2
от,A2
который,A2
о,A2
такой,A2
какой,A2
для,A2
уже,A2
когда,A2
вот,A2
год,A2
знать,A2
если,A2
до,A2
время,A2
рука,A2
даже,A2
чтобы,A2
раз,A2
глаз,A2
первый,A2
день,A2
ничто,A2
надо,A2
голова,A2
видеть,A2
теперь,A2
идти,A2
друг,A2
сейчас,A2
после,A2
слово,A2
место,A2
думать,A2
лицо,A2
тогда,A2
новый,A2
каждый,A2
хороший,A2
почему,A2
смотреть,A2
просто,A2
нога,A2
никто,A2
перед,A2
конечно,A2
город,A2
несколько,A2
начать,A2
час,A2
пока,A2
последний,A2
хотя,A2
всегда,A2
стол,A2
машина,A2
ночь,A2
женщина,A2
ребёнок,A2
выйти,A2
отец,A2
вопрос,A2
работать,A2
почти,A2
снова,A2
старый,A2
страна,A2
между,A2
много,A2
деньги,A2
значить,A2
минута,A2
ждать,A2
никогда,A2
найти,A2
жена,A2
мать,A2
улица,A2
далёкий,A2
комната,A2
помнить,A2
назад,A2
прошлый,A2
прямо,A2
долго,A2
сын,A2
поэтому,A2
читать,A2
месяц,A2
молодой,A2
мама,A2
иногда,A2
брат,A2
откуда,A2
туда,A2
мало,A2
слишком,A2
следующий,A2
солнце,A2
неделя,A2
войти,A2
спать,A2
искать,A2
семья,A2
муж,A2
тихо,A2
снег,A2
ехать,A2
собака,A2
проблема,A2
вчера,A2
вещь,A2
далеко,A2
завтра,A2
плохо,A2
обычно,A2
красивый,A2
пить,A2
деревня,A2
нравиться,A2
многие,A2
холодный,A2
родитель,A2
секунда,A2
выход,A2
быстрый,A2
долгий,A2
тихий,A2
сестра,A2
дождь,A2
станция,A2
стул,A2
свободный,A2
кровать,A2
папа,A2
дорогой,A2
малый,A2
умный,A2
плохой,A2
нормальный,A2
клуб,A2
грязный,A2
громко,A2
остановить,A2
еда,A2
платить,A2
билет,A2
родиться,A2
учить,A2
текст,A2
автобус,A2
кошка,A2
трудный,A2
вход,A2
болеть,A2
готовить,A2
полиция,A2
среда,A2
куртка,A2
лучше,A2
подруга,A2
дочка,A2
громкий,A2
погода,A2
везде,A2
ботинок,A2
пакет,A2
привет,A2
нигде,A2
правильный,A2
дешёвый,A2
голодный,A2
метро,A2
недалеко,A2
кафе,A2
воскресенье,A2
суп,A2
нормально,A2
суббота,A2
жаркий,A2
напиток,A2
направо,A2
налево,A2
медленный,A2
кушать,A2
вкусный,A2
понедельник,A2
уютный,A2
пятница,A2
салат,A2
четверг,A2
меню,A2
вторник,A2
недалёкий,A2
шторм,A2
хобби,A2
эскалатор,A2
что-то,A2
кто-то,A2
где-то,A2
спаржа,A2
несколькие,A2
один,A2
два,A2
три,A2
пять,A2
четыре,A2
десять,A2
шесть,A2
семь,A2
восемь,A2
девять,A2
его,A2
её,A2
их,A2
доброе утро,A2
добрый день,A2
добрый вечер,A2
потому что,A2
фитнес,A2
кредитная карта,A2
все,A2
нас,A2
ему,A2
ей,A2
нам,A2
им,A2
простите,A2
чем,A2
мем,A2
вай-фай,A2
тот,B1
быть,B1
весь,B1
по,B1
за,B1
же,B1
этот,B1
бы,B1
себя,B1
мой,B1
самый,B1
ни,B1
стать,B1
свой,B1
дело,B1
под,B1
ну,B1
сам,B1
чём,B1
жизнь,B1
тут,B1
ли,B1
при,B1
стоять,B1
через,B1
должный,B1
ведь,B1
потому,B1
сторона,B1
иметь,B1
понять,B1
сидеть,B1
об,B1
делать,B1
сделать,B1
вдруг,B1
нужный,B1
над,B1
взять,B1
казаться,B1
конец,B1
голос,B1
уж,B1
более,B1
земля,B1
сила,B1
второй,B1
увидеть,B1
давать,B1
случай,B1
куда,B1
пойти,B1
мир,B1
остаться,B1
сразу,B1
совсем,B1
вид,B1
дать,B1
оказаться,B1
ряд,B1
твой,B1
ответить,B1
война,B1
подумать,B1
белый,B1
главный,B1
лишь,B1
товарищ,B1
опять,B1
однако,B1
правда,B1
посмотреть,B1
про,B1
будто,B1
часть,B1
именно,B1
дорога,B1
свет,B1
никакой,B1
лежать,B1
окно,B1
решить,B1
получить,B1
москва,B1
писать,B1
писать,B1
вернуться,B1
вообще,B1
некоторый,B1
считать,B1
утро,B1
советский,B1
вечер,B1
душа,B1
книга,B1
плечо,B1
вместе,B1
таки,B1
чуть,B1
пол,B1
народ,B1
хоть,B1
взгляд,B1
русский,B1
зачем,B1
история,B1
полный,B1
узнать,B1
любой,B1
бог,B1
прийти,B1
ходить,B1
заметить,B1
известный,B1
палец,B1
словно,B1
наконец,B1
общий,B1
имя,B1
бывать,B1
мысль,B1
слышать,B1
уйти,B1
бояться,B1
давно,B1
слушать,B1
разговор,B1
нельзя,B1
похожий,B1
право,B1
лес,B1
глядеть,B1
путь,B1
тысяча,B1
пора,B1
пора,B1
красный,B1
сесть,B1
кроме,B1
стена,B1
оставаться,B1
ж,B1
высокий,B1
хотеться,B1
совершенно,B1
написать,B1
пусть,B1
ранний,B1
чувствовать,B1
спина,B1
целый,B1
вести,B1
огромный,B1
тело,B1
настоящий,B1
продолжать,B1
точно,B1
язык,B1
среди,B1
старик,B1
успеть,B1
смерть,B1
власть,B1
мальчик,B1
также,B1
брать,B1
образ,B1
письмо,B1
живой,B1
отношение,B1
сердце,B1
ко,B1
начальник,B1
пройти,B1
начинать,B1
вокруг,B1
появиться,B1
чёрный,B1
солдат,B1
забыть,B1
вспомнить,B1
небо,B1
затем,B1
система,B1
воздух,B1
оба,B1
собственный,B1
пытаться,B1
находиться,B1
держать,B1
просить,B1
показать,B1
разный,B1
ребята,B1
квартира,B1
выходить,B1
выходить,B1
поднять,B1
генерал,B1
называть,B1
третий,B1
послать,B1
подойти,B1
рассказать,B1
особенно,B1
кровь,B1
встать,B1
шаг,B1
спрашивать,B1
хозяин,B1
внимание,B1
следовать,B1
поставить,B1
бросить,B1
вроде,B1
великий,B1
например,B1
оставить,B1
действительно,B1
школа,B1
равно,B1
труд,B1
капитан,B1
сюда,B1
тяжёлый,B1
парень,B1
группа,B1
любовь,B1
отвечать,B1
ухо,B1
уходить,B1
чтоб,B1
рассказывать,B1
молчать,B1
ответ,B1
готовый,B1
являться,B1
двадцать,B1
берег,B1
помощь,B1
мужчина,B1
момент,B1
остановиться,B1
личный,B1
газета,B1
длинный,B1
видно,B1
против,B1
верить,B1
чувство,B1
порядок,B1
армия,B1
немного,B1
играть,B1
возможность,B1
сильный,B1
разве,B1
впрочем,B1
становиться,B1
движение,B1
нос,B1
знакомый,B1
огонь,B1
двор,B1
смочь,B1
иной,B1
бежать,B1
скорый,B1
наверное,B1
приехать,B1
простой,B1
принять,B1
угол,B1
смысл,B1
открыть,B1
общество,B1
грудь,B1
военный,B1
происходить,B1
дерево,B1
немец,B1
губа,B1
либо,B1
дядя,B1
очередь,B1
кой,B1
форма,B1
закон,B1
собираться,B1
показаться,B1
домой,B1
попасть,B1
услышать,B1
приходить,B1
кричать,B1
состояние,B1
произойти,B1
сон,B1
подняться,B1
ладно,B1
карман,B1
часто,B1
случиться,B1
зелёный,B1
девочка,B1
камень,B1
сначала,B1
ветер,B1
связь,B1
стараться,B1
гость,B1
лучший,B1
зуб,B1
мера,B1
век,B1
поехать,B1
номер,B1
странный,B1
страшный,B1
средство,B1
единственный,B1
действие,B1
ход,B1
государство,B1
российский,B1
короткий,B1
уметь,B1
данный,B1
необходимый,B1
глава,B1
партия,B1
край,B1
вперёд,B1
река,B1
судьба,B1
рота,B1
добрый,B1
речь,B1
заниматься,B1
вполне,B1
положить,B1
причина,B1
гора,B1
никак,B1
страх,B1
тёмный,B1
едва,B1
море,B1
зал,B1
серый,B1
врач,B1
возле,B1
довольно,B1
командир,B1
основной,B1
ясно,B1
боль,B1
господин,B1
результат,B1
число,B1
цель,B1
начаться,B1
лёгкий,B1
звать,B1
положение,B1
бывший,B1
писатель,B1
бумага,B1
проходить,B1
удаться,B1
план,B1
черта,B1
около,B1
подобный,B1
широкий,B1
прийтись,B1
документ,B1
снять,B1
представить,B1
прежний,B1
произнести,B1
небольшой,B1
пустой,B1
волос,B1
объяснить,B1
пара,B1
след,B1
представлять,B1
решение,B1
существовать,B1
особый,B1
иначе,B1
умереть,B1
класс,B1
условие,B1
центр,B1
скоро,B1
прежде,B1
встреча,B1
директор,B1
однажды,B1
служба,B1
процесс,B1
близкий,B1
чистый,B1
президент,B1
память,B1
сквозь,B1
сообщить,B1
человеческий,B1
назвать,B1
сей,B1
герой,B1
дух,B1
худой,B1
мимо,B1
возможно,B1
враг,B1
убить,B1
кстати,B1
чужой,B1
согласиться,B1
счастье,B1
удар,B1
старший,B1
вместо,B1
самолёт,B1
улыбнуться,B1
картина,B1
улыбаться,B1
почувствовать,B1
будущее,B1
коридор,B1
толстый,B1
правый,B1
больной,B1
ум,B1
менее,B1
привести,B1
предложить,B1
вызвать,B1
кабинет,B1
легко,B1
колено,B1
хватать,B1
принести,B1
всякий,B1
бутылка,B1
государственный,B1
рабочий,B1
сто,B1
телефон,B1
компания,B1
крупный,B1
открытый,B1
доктор,B1
принимать,B1
вниз,B1
автор,B1
мужик,B1
вовсе,B1
интерес,B1
провести,B1
хватить,B1
двое,B1
спокойно,B1
местный,B1
лейтенант,B1
оружие,B1
игра,B1
приходиться,B1
крикнуть,B1
попросить,B1
требовать,B1
бой,B1
качество,B1
смеяться,B1
родной,B1
жёлтый,B1
член,B1
достаточно,B1
хлеб,B1
прислать,B1
золотой,B1
политический,B1
обычный,B1
литература,B1
стринги,B1
гетеро,B1
попкорн,B1
сидушка,B1
безоблачно,B1
развитие,B2
важный,B2
банк,B2
совет,B2
столько,B2
возвращаться,B2
трубка,B2
ладонь,B2
железный,B2
оказываться,B2
институт,B2
потерять,B2
правительство,B2
остальной,B2
выпить,B2
показывать,B2
идея,B2
точка,B2
уровень,B2
профессор,B2
наука,B2
событие,B2
союз,B2
король,B2
половина,B2
метр,B2
отдать,B2
вера,B2
кивнуть,B2
область,B2
исчезнуть,B2
ситуация,B2
кухня,B2
надежда,B2
род,B2
офицер,B2
синий,B2
течение,B2
информация,B2
получиться,B2
тёплый,B2
молча,B2
немецкий,B2
видимо,B2
бить,B2
частый,B2
поздний,B2
создать,B2
сорок,B2
граница,B2
слеза,B2
поскольку,B2
рассказ,B2
вспоминать,B2
получать,B2
трава,B2
упасть,B2
тридцать,B2
борьба,B2
достать,B2
шея,B2
десяток,B2
надеяться,B2
толпа,B2
московский,B2
правило,B2
правило,B2
слать,B2
придтись,B2
вздохнуть,B2
уверенный,B2
неизвестный,B2
программа,B2
фамилия,B2
звук,B2
роман,B2
неожиданно,B2
вон,B2
тонкий,B2
внутренний,B2
роль,B2
сознание,B2
верный,B2
команда,B2
прекрасный,B2
петь,B2
магазин,B2
впервые,B2
американский,B2
ворот,B2
простить,B2
полковник,B2
природа,B2
сильно,B2
запах,B2
поэт,B2
район,B2
лист,B2
лист,B2
перестать,B2
стекло,B2
количество,B2
этаж,B2
тип,B2
пожаловать,B2
свобода,B2
сапог,B2
суд,B2
чей,B2
дед,B2
лоб,B2
кресло,B2
дочь,B2
серьёзный,B2
ожидать,B2
характер,B2
опыт,B2
площадь,B2
вновь,B2
появляться,B2
управление,B2
связанный,B2
мнение,B2
впереди,B2
использовать,B2
взглянуть,B2
революция,B2
улыбка,B2
рост,B2
лошадь,B2
глубокий,B2
левый,B2
кожа,B2
пришлый,B2
звезда,B2
поезд,B2
протянуть,B2
служить,B2
уехать,B2
поверить,B2
баба,B2
нечего,B2
цветок,B2
желание,B2
болезнь,B2
вызывать,B2
называться,B2
встретить,B2
сосед,B2
пример,B2
разговаривать,B2
позволить,B2
обнаружить,B2
дама,B2
повернуться,B2
орган,B2
орган,B2
поле,B2
ящик,B2
цена,B2
подходить,B2
горячий,B2
милый,B2
слабый,B2
ах,B2
карта,B2
слава,B2
радость,B2
зато,B2
тень,B2
висеть,B2
операция,B2
выглядеть,B2
действовать,B2
нести,B2
музыка,B2
голубой,B2
гореть,B2
завод,B2
добавить,B2
лето,B2
весьма,B2
садиться,B2
ибо,B2
мелкий,B2
помогать,B2
любимый,B2
повод,B2
воля,B2
детский,B2
дурак,B2
приказ,B2
гражданин,B2
интересно,B2
счастливый,B2
крыша,B2
цвет,B2
весёлый,B2
повторить,B2
невозможно,B2
статья,B2
круг,B2
столь,B2
факт,B2
бок,B2
относиться,B2
причём,B2
учиться,B2
удивиться,B2
средний,B2
современный,B2
лагерь,B2
войско,B2
недавно,B2
удовольствие,B2
возраст,B2
погибнуть,B2
способный,B2
лестница,B2
держаться,B2
министр,B2
фронт,B2
передать,B2
обратно,B2
стрелять,B2
петербург,B2
неужели,B2
сад,B2
проводить,B2
задача,B2
острый,B2
мол,B2
осторожно,B2
входить,B2
темнота,B2
название,B2
двигаться,B2
возникнуть,B2
большинство,B2
организация,B2
дым,B2
высший,B2
километр,B2
позвонить,B2
закричать,B2
ради,B2
председатель,B2
приказать,B2
прямой,B2
прочее,B2
слегка,B2
попробовать,B2
вскоре,B2
вверх,B2
ночной,B2
доллар,B2
носить,B2
выражение,B2
кончиться,B2
плакать,B2
танк,B2
мешать,B2
сухой,B2
зима,B2
знак,B2
получаться,B2
мозг,B2
учитель,B2
желать,B2
обязательно,B2
майор,B2
привыкнуть,B2
понятно,B2
судить,B2
тишина,B2
очередной,B2
деятельность,B2
сша,B2
рыба,B2
щека,B2
птица,B2
обещать,B2
страшно,B2
ставить,B2
странно,B2
касаться,B2
водка,B2
здание,B2
колоть,B2
зеркало,B2
собраться,B2
искусство,B2
начало,B2
пахнуть,B2
возникать,B2
несмотря,B2
вагон,B2
отсюда,B2
автомат,B2
свежий,B2
мокрый,B2
милиция,B2
срок,B2
боевой,B2
спокойный,B2
одежда,B2
здоровый,B2
корабль,B2
кулак,B2
художник,B2
курс,B2
куст,B2
состав,B2
западный,B2
лететь,B2
явно,B2
чудо,B2
крайний,B2
кусок,B2
интересный,B2
заявить,B2
оттуда,B2
фирма,B2
миллион,B2
разуметься,B2
пространство,B2
тема,B2
начинаться,B2
мировой,B2
ударить,B2
напоминать,B2
заставить,B2
линия,B2
поговорить,B2
мешок,B2
наверно,B2
бабушка,B2
крик,B2
рот,B2
сутки,B2
ключ,B2
звонить,B2
процент,B2
ощущение,B2
немедленно,B2
остров,B2
конь,B2
объявить,B2
узкий,B2
театр,B2
живот,B2
производство,B2
штаб,B2
детство,B2
резко,B2
придумать,B2
броситься,B2
сотня,B2
попытаться,B2
стакан,B2
трое,B2
материал,B2
ужас,B2
схватить,B2
приняться,B2
значение,B2
труба,B2
отказаться,B2
виноватый,B2
стих,B2
способ,B2
обстоятельство,B2
четвёртый,B2
степень,B2
германия,B2
ссср,B2
отправиться,B2
вставать,B2
волна,B2
обратиться,B2
мёртвый,B2
предлагать,B2
глубина,B2
специальный,B2
представитель,B2
нож,B2
точный,B2
рынок,B2
шум,B2
студент,B2
впечатление,B2
засмеяться,B2
отдел,B2
запад,B2
очко,B2
падать,B2
закончить,B2
снимать,B2
успех,B2
инженер,B2
население,B2
животный,B2
встречаться,B2
некий,B2
вдоль,B2
пыль,B2
следить,B2
заходить,B2
спасти,B2
знание,B2
различный,B2
секретарь,B2
побежать,B2
ошибка,B2
боец,B2
женский,B2
масса,B2
чёрт,B2
одновременно,B2
царь,B2
естественно,B2
позволять,B2
закрыть,B2
фигура,B2
велеть,B2
противник,B2
даль,B2
знаменитый,B2
журнал,B2
направление,B2
замок,B2
замок,B2
иметься,B2
победа,B2
суметь,B2
сотрудник,B2
заговорить,B2
крепкий,B2
подниматься,B2
вытащить,B2
редкий,B2
мягкий,B2
городской,B2
социальный,B2
адрес,B2
обращаться,B2
период,B2
еврей,B2
слух,B2
пользоваться,B2
верно,B2
хвост,B2
пошлый,B2
предмет,B2
честь,B2
общественный,B2
открывать,B2
отдельный,B2
лечение,B2
экономический,B2
взяться,B2
встретиться,B2
зрение,B2
замечать,B2
наблюдать,B2
наоборот,B2
голый,B2
круглый,B2
беда,B2
столица,B2
обед,B2
опустить,B2
культура,B2
спешить,B2
спешить,B2
высота,B2
территория,B2
костюм,B2
светлый,B2
деревянный,B2
гораздо,B2
поздно,B2
обернуться,B2
попытка,B2
дно,B2
пятьдесят,B2
полностью,B2
страница,B2
лишний,B2
размер,B2
курить,B2
состоять,B2
предприятие,B2
сцена,B2
английский,B2
проснуться,B2
устроить,B2
понравиться,B2
явиться,B2
фотография,B2
заболевание,B2
принцип,B2
миг,B2
европа,B2
нынешний,B2
вероятно,B2
тётя,B2
лечь,B2
мастер,B2
отряд,B2
старуха,B2
руководитель,B2
житель,B2
меч,B2
научный,B2
дышать,B2
господь,B2
наиболее,B2
тюрьма,B2
ой,B2
подождать,B2
ближайший,B2
внутри,B2
дворец,B2
яркий,B2
учёный,B2
камера,B2
привезти,B2
существо,B2
соседний,B2
фраза,B2
повторять,B2
америка,B2
весна,B2
лодка,B2
считаться,B2
фильм,B2
больница,B2
смех,B2
специалист,B2
образование,B2
спасть,B2
пятый,B2
мальчишка,B2
проговорить,B2
выбрать,B2
тяжело,B2
определённый,B2
продукт,B2
пистолет,B2
раздаться,B2
постепенно,B2
родина,B2
возможный,B2
личность,B2
собственно,B2
собрать,B2
насчёт,B2
внимательно,B2
скорость,B2
участок,B2
технический,B2
видимый,B2
зверь,B2
вслед,B2
ездить,B2
злой,B2
извинить,B2
дикий,B2
народный,B2
артист,B2
усмехнуться,B2
автомобиль,B2
участие,B2
кот,B2
мост,B2
примерно,B2
находить,B2
здоровье,B2
костёр,B2
заходить,B2
человечество,B2
пуля,B2
сомнение,B2
морской,B2
отсутствие,B2
случайно,B2
сложный,B2
мясо,B2
нечто,B2
собирать,B2
отметить,B2
исторический,B2
читатель,B2
доска,B2
убийство,B2
дальний,B2
тянуть,B2
мгновение,B2
восток,B2
обратить,B2
отпустить,B2
бегать,B2
настроение,B2
означать,B2
составлять,B2
реальный,B2
пауза,B2
приём,B2
порог,B2
фон,B2
национальный,B2
выдержать,B2
ясный,B2
весело,B2
пропасть,B2
рыжий,B2
постоянно,B2
песок,B2
долг,B2
настолько,B2
пьяный,B2
поступить,B2
предложение,B2
внешний,B2
работник,B2
проверить,B2
отправить,B2
прекрасно,B2
наступить,B2
объяснять,B2
сожаление,B2
пожать,B2
сверху,B2
торчать,B2
оставлять,B2
горло,B2
навстречу,B2
список,B2
задний,B2
праздник,B2
господи,B2
покой,B2
шутка,B2
летний,B2
вариант,B2
занимать,B2
дыхание,B2
признаться,B2
организм,B2
дрожать,B2
поймать,B2
опасный,B2
жертва,B2
далее,B2
начальство,B2
каменный,B2
рукав,B2
занятие,B2
северный,B2
признать,B2
охрана,B2
бедный,B2
постоянный,B2
масло,B2
сунуть,B2
захотеть,B2
кость,B2
международный,B2
воскликнуть,B2
полтора,B2
принятый,B2
вскочить,B2
центральный,B2
чиновник,B2
эхо,B2
внизу,B2
здравствовать,B2
потолок,B2
лёгкое,B2
руководство,B2
защита,B2
разрешить,B2
важно,B2
энергия,B2
звонок,B2
построить,B2
сигарета,B2
закрытый,B2
пустить,B2
тепло,B2
установить,B2
зона,B2
диван,B2
встречать,B2
внезапно,B2
предел,B2
единый,B2
напротив,B2
зря,B2
полагать,B2
перейти,B2
мечтать,B2
пятнадцать,B2
терять,B2
испытывать,B2
постель,B2
тайна,B2
лезть,B2
туман,B2
древний,B2
бросать,B2
книжка,B2
жалко,B2
воспоминание,B2
оглянуться,B2
ленинград,B2
густой,B2
практически,B2
вечный,B2
существование,B2
сзади,B2
королева,B2
принадлежать,B2
церковь,B2
преступление,B2
музей,B2
планета,B2
опасность,B2
прочитать,B2
говориться,B2
пускать,B2
прочий,B2
положенный,B2
иностранный,B2
низкий,B2
поиск,B2
палатка,B2
пригласить,B2
добраться,B2
французский,B2
источник,B2
честно,B2
основание,B2
видать,B2
родственник,B2
угодный,B2
выступать,B2
всякая,B2
определить,B2
взрослый,B2
заглянуть,B2
осень,B2
представление,B2
способность,B2
понятие,B2
тон,B2
итак,B2
аппарат,B2
водитель,B2
утверждать,B2
глупый,B2
больно,B2
тайный,B2
крыло,B2
изменение,B2
беседа,B2
пост,B2
вывод,B2
комиссия,B2
множество,B2
явление,B2
торопиться,B2
розовый,B2
вынуть,B2
красота,B2
дальнейший,B2
мороз,B2
дача,B2
очевидно,B2
пастух,B2
вернуть,B2
рано,B2
строить,B2
строить,B2
дон,B2
догадаться,B2
остальное,B2
младший,B2
строго,B2
площадка,B2
ниже,B2
усилие,B2
приятель,B2
ручка,B2
повернуть,B2
расти,B2
столик,B2
журналист,B2
наверняка,B2
выстрел,B2
озеро,B2
разобраться,B2
приятно,B2
сумка,B2
кино,B2
должность,B2
зло,B2
позиция,B2
поглядеть,B2
верхний,B2
удивление,B2
следователь,B2
ученик,B2
серьёзно,B2
приятный,B2
основа,B2
горе,B2
выскочить,B2
повезти,B2
рождение,B2
песня,B2
готовиться,B2
полок,B2
выполнять,B2
старшина,B2
колесо,B2
вряд,B2
шофёр,B2
проект,B2
совесть,B2
навсегда,B2
зависеть,B2
суть,B2
режим,B2
поднимать,B2
стен,B2
чемодан,B2
платье,B2
возразить,B2
хозяйство,B2
пункт,B2
ствол,B2
толк,B2
вкус,B2
приезжать,B2
тотчас,B2
добро,B2
портрет,B2
спустя,B2
полк,B2
отделение,B2
подать,B2
подать,B2
обстановка,B2
пятно,B2
жениться,B2
бровь,B2
телевизор,B2
найтись,B2
звучать,B2
база,B2
отличаться,B2
отдавать,B2
тревога,B2
послушать,B2
помещение,B2
делаться,B2
перевести,B2
урок,B2
выдать,B2
поведение,B2
создание,B2
собрание,B2
дедушка,B2
безопасность,B2
нервный,B2
обо,B2
функция,B2
нарушение,B2
требоваться,B2
экран,B2
забрать,B2
шапка,B2
убивать,B2
выпустить,B2
полоса,B2
хозяйка,B2
штаны,B2
врать,B2
грязь,B2
жалить,B2
заявление,B2
нижний,B2
жалеть,B2
труп,B2
неожиданный,B2
занятый,B2
подарок,B2
рубашка,B2
август,B2
превратиться,B2
крепко,B2
объект,B2
открыться,B2
мощный,B2
университет,B2
охота,B2
штука,B2
муха,B2
обойтись,B2
махнуть,B2
довольный,B2
твёрдый,B2
молоко,B2
катить,B2
отчего,B2
никуда,B2
вынужденный,B2
направить,B2
буква,B2
полезть,B2
вершина,B2
поверхность,B2
терпеть,B2
рассматривать,B2
сходить,B2
обращать,B2
больший,B2
товар,B2
доказать,B2
лапа,B2
одетый,B2
спуститься,B2
воевать,B2
абсолютно,B2
продать,B2
середина,B2
солнечный,B2
назначить,B2
домашний,B2
бригада,B2
прочесть,B2
богатый,B2
признак,B2
политика,B2
капля,B2
вес,B2
измениться,B2
комитет,B2
отойти,B2
плащ,B2
нету,B2
поток,B2
решать,B2
вырасти,B2
познакомиться,B2
занять,B2
гулять,B2
посадить,B2
бледный,B2
стремиться,B2
составить,B2
задуматься,B2
холод,B2
париж,B2
незнакомый,B2
решительно,B2
позвать,B2
выполнить,B2
записка,B2
появление,B2
платок,B2
двинуться,B2
обладать,B2
успокоиться,B2
забывать,B2
обязанный,B2
корпус,B2
останавливаться,B2
захватить,B2
близко,B2
окончательно,B2
сведение,B2
сведение,B2
между тем,B2
шорт-трек,B2
удивительный,C1
волноваться,C1
забор,C1
строй,C1
морда,C1
прожить,C1
редко,C1
изменить,C1
краска,C1
темно,C1
спорить,C1
кружок,C1
состояться,C1
могила,C1
приводить,C1
облако,C1
шкаф,C1
варить,C1
милиционер,C1
сумма,C1
святой,C1
сеть,C1
грех,C1
помолчать,C1
ожидание,C1
необходимость,C1
инспектор,C1
сообщение,C1
стенка,C1
подъезд,C1
слышно,C1
напомнить,C1
парк,C1
физический,C1
вокзал,C1
несчастный,C1
орать,C1
глухой,C1
бороться,C1
дойти,C1
включить,C1
борт,C1
сумасшедший,C1
интересовать,C1
умирать,C1
убитый,C1
взрыв,C1
особенный,C1
еле,C1
расстояние,C1
локоть,C1
актёр,C1
ус,C1
прибыть,C1
заставлять,C1
соответствующий,C1
частный,C1
ох,C1
официальный,C1
луна,C1
скала,C1
скала,C1
экономика,C1
мужской,C1
подтвердить,C1
тянуться,C1
обыкновенный,C1
песнь,C1
здорово,C1
буквально,C1
испугаться,C1
пожилой,C1
резкий,C1
шинель,C1
лёд,C1
волк,C1
структура,C1
сержант,C1
совершить,C1
съесть,C1
клетка,C1
поколение,C1
газ,C1
значительный,C1
пила,C1
файл,C1
кругом,C1
орудие,C1
коллега,C1
запомнить,C1
просьба,C1
согласный,C1
выбор,C1
седой,C1
куча,C1
корень,C1
блестящий,C1
содержание,C1
разница,C1
непонятный,C1
остаток,C1
расчёт,C1
приближаться,C1
чисто,C1
участвовать,C1
восточный,C1
ловить,C1
температура,C1
республика,C1
пояс,C1
удивляться,C1
сомневаться,C1
шёпот,C1
сентябрь,C1
дивизия,C1
гриб,C1
сравнение,C1
строгий,C1
замереть,C1
бабка,C1
гражданский,C1
записать,C1
реакция,C1
тоска,C1
посёлок,C1
полчаса,C1
кольцо,C1
достоинство,C1
двенадцать,C1
радоваться,C1
вывести,C1
создавать,C1
слой,C1
подарить,C1
оттого,C1
страсть,C1
ровно,C1
напряжение,C1
столовый,C1
стыдный,C1
коммунист,C1
глянуть,C1
участник,C1
изба,C1
голод,C1
замечательный,C1
временный,C1
пёс,C1
заместитель,C1
истина,C1
колонна,C1
мгновенно,C1
прикрыть,C1
оборона,C1
скрывать,C1
поступать,C1
поразить,C1
везти,C1
предстоять,C1
элемент,C1
пиджак,C1
приносить,C1
убедиться,C1
телефонный,C1
крыльцо,C1
отличие,C1
брюки,C1
исследование,C1
орден,C1
юный,C1
научиться,C1
техника,C1
сойти,C1
канал,C1
девчонка,C1
горький,C1
крест,C1
печальный,C1
теория,C1
луч,C1
молчание,C1
литературный,C1
батарея,C1
устройство,C1
палка,C1
тащить,C1
фонарь,C1
лесной,C1
естественный,C1
контроль,C1
крутой,C1
произвести,C1
проклятый,C1
проклятый,C1
покрыть,C1
глубоко,C1
страдать,C1
ветка,C1
влияние,C1
разведка,C1
справа,C1
польза,C1
надпись,C1
ненавидеть,C1
истинный,C1
обезьяна,C1
замолчать,C1
твёрдо,C1
склад,C1
передний,C1
север,C1
покупать,C1
печать,C1
крестьянин,C1
южный,C1
пальто,C1
любопытство,C1
тарелка,C1
следствие,C1
насколько,C1
выбирать,C1
заранее,C1
семейный,C1
продолжаться,C1
подписать,C1
выясниться,C1
ракета,C1
заняться,C1
завести,C1
зарплата,C1
топор,C1
убийца,C1
сообразить,C1
сущность,C1
сперва,C1
одинокий,C1
сохранить,C1
домик,C1
менять,C1
запись,C1
пожар,C1
пачка,C1
ага,C1
ага,C1
широко,C1
указать,C1
спрятать,C1
свидетель,C1
привычный,C1
пища,C1
забота,C1
изо,C1
таков,C1
открытие,C1
девица,C1
ощущать,C1
специально,C1
вождь,C1
одеяло,C1
храм,C1
стучать,C1
сделаться,C1
летать,C1
пассажир,C1
строительство,C1
поездка,C1
рана,C1
верёвка,C1
двести,C1
валить,C1
паспорт,C1
привычка,C1
холм,C1
сдать,C1
благодаря,C1
сообщать,C1
подавать,C1
устать,C1
скрыться,C1
шоссе,C1
могучий,C1
поворот,C1
восторг,C1
мечта,C1
кабина,C1
картошка,C1
дождаться,C1
уничтожить,C1
земной,C1
надоесть,C1
израиль,C1
борода,C1
неприятный,C1
убрать,C1
запас,C1
закурить,C1
эй,C1
благородный,C1
тайга,C1
молодец,C1
пресса,C1
добиться,C1
понадобиться,C1
позади,C1
подробность,C1
талант,C1
поддерживать,C1
мирный,C1
отлично,C1
особенность,C1
предупредить,C1
разглядывать,C1
дружба,C1
памятник,C1
помощник,C1
шляпа,C1
жаловаться,C1
произведение,C1
подготовка,C1
вызов,C1
покинуть,C1
слева,C1
доложить,C1
предполагать,C1
послышаться,C1
батальон,C1
решиться,C1
школьный,C1
смена,C1
потеря,C1
торопливый,C1
медицинский,C1
случаться,C1
сигнал,C1
духовный,C1
затылок,C1
мотор,C1
устраивать,C1
обида,C1
профессия,C1
сегодняшний,C1
юноша,C1
юг,C1
уезжать,C1
доля,C1
воин,C1
медведь,C1
ведро,C1
прыгать,C1
сказка,C1
цк,C1
грозный,C1
кормить,C1
полёт,C1
пулемёт,C1
железо,C1
направиться,C1
рассчитывать,C1
механизм,C1
тьма,C1
расположить,C1
новость,C1
услать,C1
строка,C1
шестой,C1
тщательно,C1
сфера,C1
комиссар,C1
равный,C1
прозрачный,C1
малыш,C1
повесть,C1
профессиональный,C1
жёсткий,C1
поражение,C1
цифра,C1
компьютер,C1
уважать,C1
угроза,C1
исключение,C1
бумажка,C1
грубый,C1
договор,C1
башня,C1
секрет,C1
лампа,C1
ремень,C1
повести,C1
глупость,C1
зимний,C1
библиотека,C1
попадать,C1
попадать,C1
покачать,C1
ткань,C1
халат,C1
отдыхать,C1
путём,C1
переходить,C1
океан,C1
полицейский,C1
деталь,C1
молодёжь,C1
радио,C1
гнать,C1
плыть,C1
лидер,C1
наступать,C1
партийный,C1
корова,C1
преступник,C1
подхватить,C1
итог,C1
боже,C1
исчезать,C1
задание,C1
посидеть,C1
заседание,C1
папка,C1
франция,C1
согласно,C1
депутат,C1
обрадоваться,C1
некогда,C1
молодость,C1
ложиться,C1
выяснить,C1
удобный,C1
норма,C1
отвести,C1
гном,C1
генеральный,C1
ровный,C1
перебить,C1
удаваться,C1
цепь,C1
метода,C1
ответственность,C1
седьмой,C1
задержать,C1
жар,C1
финансовый,C1
неплохо,C1
уважение,C1
контакт,C1
пот,C1
подвал,C1
ужин,C1
переход,C1
вынести,C1
проверять,C1
бег,C1
спускаться,C1
американец,C1
традиция,C1
столб,C1
услуга,C1
продавать,C1
шеф,C1
нежный,C1
подозревать,C1
вещество,C1
баня,C1
радостно,C1
снаряд,C1
вор,C1
валяться,C1
разведчик,C1
заметно,C1
полезный,C1
редактор,C1
бандит,C1
немало,C1
подушка,C1
налить,C1
обратный,C1
грузовик,C1
шутить,C1
раствор,C1
яма,C1
ха,C1
оглядываться,C1
министерство,C1
старинный,C1
потребовать,C1
модель,C1
попасться,C1
отозваться,C1
инструмент,C1
золото,C1
раненый,C1
водить,C1
поглядывать,C1
стрелок,C1
жест,C1
непонятно,C1
ноябрь,C1
выступить,C1
мрачный,C1
эпоха,C1
массовый,C1
договориться,C1
отдых,C1
выдавать,C1
пробормотать,C1
передача,C1
вырваться,C1
серебряный,C1
металлический,C1
пропустить,C1
шар,C1
звание,C1
кожаный,C1
обязанность,C1
волнение,C1
щель,C1
акция,C1
узел,C1
гроб,C1
свернуть,C1
непременно,C1
скромный,C1
прислушиваться,C1
редакция,C1
дежурный,C1
высоко,C1
распоряжение,C1
май,C1
поддержка,C1
запретить,C1
дверца,C1
многочисленный,C1
мягко,C1
чечня,C1
марка,C1
закончиться,C1
разрешение,C1
император,C1
листок,C1
задумчиво,C1
бродить,C1
двигатель,C1
присутствие,C1
вооружённый,C1
производить,C1
присесть,C1
лев,C1
справиться,C1
возвращение,C1
сыграть,C1
коробка,C1
закрывать,C1
печка,C1
кончить,C1
смешной,C1
заснуть,C1
поступок,C1
постараться,C1
симптом,C1
конкретный,C1
разбитый,C1
вчерашний,C1
захотеться,C1
кладбище,C1
комплекс,C1
комплекс,C1
повесить,C1
выбраться,C1
шанс,C1
ложка,C1
старушка,C1
коричневый,C1
наблюдение,C1
сладкий,C1
декабрь,C1
палата,C1
обидеться,C1
судья,C1
произносить,C1
коротко,C1
порт,C1
винтовка,C1
горизонт,C1
женить,C1
плотный,C1
осветить,C1
портфель,C1
достигнуть,C1
опуститься,C1
посылать,C1
подобрать,C1
ужасный,C1
распахнуть,C1
исключительно,C1
спутник,C1
июнь,C1
требование,C1
прекратить,C1
ценность,C1
обеспечить,C1
стоящий,C1
организовать,C1
душевный,C1
набрать,C1
гений,C1
пламя,C1
стиль,C1
задавать,C1
лук,C1
госпиталь,C1
агент,C1
доставить,C1
меняться,C1
костя,C1
коньяк,C1
публика,C1
вечно,C1
князь,C1
ненависть,C1
отечественный,C1
собственность,C1
пилить,C1
март,C1
вертолёт,C1
дар,C1
моряк,C1
бесконечный,C1
ползти,C1
активный,C1
отвернуться,C1
драться,C1
поинтересоваться,C1
жизненный,C1
перо,C1
колхоз,C1
владелец,C1
концерт,C1
вечерний,C1
сырой,C1
знакомство,C1
слабость,C1
приобрести,C1
отказываться,C1
аккуратно,C1
рыбак,C1
яйцо,C1
незаметно,C1
волшебный,C1
отель,C1
освободить,C1
лаборатория,C1
утренний,C1
степь,C1
особо,C1
смешно,C1
объяснение,C1
туча,C1
пояснить,C1
каков,C1
шагать,C1
взвод,C1
предположить,C1
огород,C1
клиент,C1
танцевать,C1
ввести,C1
случайный,C1
константин,C1
мелочь,C1
склон,C1
верх,C1
пушок,C1
тётка,C1
лётчик,C1
подготовить,C1
вступить,C1
лекарство,C1
лекарство,C1
передавать,C1
поддержать,C1
воздушный,C1
гвоздь,C1
европейский,C1
сложиться,C1
заорать,C1
якобы,C1
ружьё,C1
победить,C1
кандидат,C1
разум,C1
погодить,C1
трогать,C1
благо,C1
назначение,C1
сиять,C1
увы,C1
усесться,C1
спортивный,C1
нерв,C1
администрация,C1
невидимый,C1
бельё,C1
подбородок,C1
этап,C1
бомба,C1
арестовать,C1
продолжить,C1
жалкий,C1
политик,C1
ощутить,C1
карьера,C1
удивительно,C1
прощать,C1
посвятить,C1
вслух,C1
действительность,C1
заяц,C1
дума,C1
представляться,C1
потянуться,C1
выпускать,C1
ленинградский,C1
побывать,C1
значительно,C1
ужасно,C1
невольно,C1
коммунистический,C1
городок,C1
творческий,C1
вещий,C1
экзамен,C1
гибель,C1
смелый,C1
кнопка,C1
уставиться,C1
беспокоиться,C1
ангел,C1
огонёк,C1
доклад,C1
дрова,C1
последствие,C1
махать,C1
сволочь,C1
сволочь,C1
китайский,C1
роза,C1
бормотать,C1
яблоко,C1
кадр,C1
изучать,C1
дорожка,C1
губернатор,C1
тяжесть,C1
последовать,C1
частность,C1
деловой,C1
совместный,C1
противоположный,C1
оценить,C1
пенсия,C1
июль,C1
фонд,C1
воображение,C1
описать,C1
описать,C1
отдохнуть,C1
искра,C1
опытный,C1
ныне,C1
развести,C1
заплатить,C1
отчаяние,C1
бизнес,C1
болото,C1
неведомый,C1
доноситься,C1
вовремя,C1
сэр,C1
блестеть,C1
виза,C1
отпуск,C1
изображение,C1
выбросить,C1
разбудить,C1
одинаковый,C1
оценка,C1
еврейский,C1
догадываться,C1
полагаться,C1
биться,C1
защищать,C1
груз,C1
бюджет,C1
использование,C1
допустимый,C1
кролик,C1
доказательство,C1
содержать,C1
танец,C1
ярко,C1
внук,C1
гордость,C1
посреди,C1
получение,C1
кривой,C1
стук,C1
снизу,C1
печь,C1
январь,C1
жестокий,C1
поправить,C1
меж,C1
гигантский,C1
половой,C1
японский,C1
шкура,C1
приглашать,C1
заключение,C1
немножко,C1
санкт,C1
ковёр,C1
обнять,C1
де,C1
койка,C1
ошибиться,C1
недостаток,C1
потянуть,C1
наличие,C1
интересоваться,C1
статус,C1
поход,C1
училище,C1
заключаться,C1
сорвать,C1
рыцарь,C1
прибор,C1
выборы,C1
обойти,C1
понятный,C1
расстрелять,C1
карточка,C1
государь,C1
разобрать,C1
применять,C1
художественный,C1
путешествие,C1
зритель,C1
пожалеть,C1
исключить,C1
империя,C1
девка,C1
давление,C1
патрон,C1
мина,C1
дважды,C1
спектакль,C1
достойный,C1
хрен,C1
применение,C1
плавать,C1
лекция,C1
желудок,C1
ледяной,C1
супруг,C1
потребность,C1
галстук,C1
дополнительный,C1
док,C1
социализм,C1
свадьба,C1
сбить,C1
прижать,C1
вне,C1
воспользоваться,C1
пробовать,C1
соль,C1
петербургский,C1
пережить,C1
руль,C1
мука,C1
мука,C1
допустить,C1
хлопнуть,C1
раскрыть,C1
класть,C1
штат,C1
оторвать,C1
слышаться,C1
стеклянный,C1
полететь,C1
приготовить,C1
бочок,C1
заплакать,C1
указывать,C1
ловко,C1
сопровождать,C1
скандал,C1
завтрак,C1
сиденье,C1
версия,C1
понимание,C1
прервать,C1
материальный,C1
шуметь,C1
охотник,C1
прошептать,C1
таинственный,C1
пустыня,C1
течь,C1
речка,C1
заработать,C1
бревно,C1
торговый,C1
стрела,C1
украсть,C1
секретный,C1
академия,C1
дожидаться,C1
промышленность,C1
окружить,C1
посуда,C1
идиот,C1
суровый,C1
разглядеть,C1
служебный,C1
горный,C1
дурной,C1
допрос,C1
необыкновенный,C1
русски,C1
др,C1
нынче,C1
продажа,C1
достаться,C1
конфликт,C1
заглядывать,C1
свойство,C1
свойство,C1
заметный,C1
предпочитать,C1
рваться,C1
кусочек,C1
судно,C1
отличный,C1
относительно,C1
рамка,C1
карандаш,C1
собеседник,C1
бригадир,C1
возражать,C1
крайне,C1
выставить,C1
переживать,C1
грохот,C1
драка,C1
мак,C1
учесть,C1
анализ,C1
переговоры,C1
выступление,C1
охотно,C1
неприятность,C1
выразить,C1
торговля,C1
москвич,C1
транспорт,C1
транспорт,C1
справедливость,C1
остановка,C1
развиваться,C1
невеста,C1
рукопись,C1
громадный,C1
мастерский,C1
подвести,C1
блок,C1
экспедиция,C1
снежный,C1
уверенность,C1
устроиться,C1
командовать,C1
внутрь,C1
дура,C1
вздрогнуть,C1
красавица,C1
запереть,C1
разбираться,C1
обмануть,C1
крышка,C1
владеть,C1
удача,C1
сарай,C1
контора,C1
отрезать,C1
отрезать,C1
скамейка,C1
родить,C1
рухнуть,C1
одиночество,C1
дьявол,C1
рассвет,C1
академик,C1
сплошной,C1
обмен,C1
каша,C1
провожать,C1
спичка,C1
спора,C1
корея,C1
перевод,C1
осмотреть,C1
кончаться,C1
уснуть,C1
режиссёр,C1
отчёт,C1
оглядеть,C1
блеск,C1
культурный,C1
проверка,C1
негромко,C1
восьмой,C1
сахар,C1
прятаться,C1
лопата,C1
ранить,C1
надел,C1
питание,C1
прокурор,C1
неторопливый,C1
экипаж,C1
лифт,C1
посторонний,C1
накануне,C1
трус,C1
трудовой,C1
открываться,C1
чрезвычайно,C1
иностранец,C1
научить,C1
лента,C1
подчеркнуть,C1
успокоить,C1
космический,C1
цех,C1
балкон,C1
мода,C1
ступенька,C1
выставка,C1
окончание,C1
ломать,C1
замуж,C1
срочно,C1
сбросить,C1
всеобщий,C1
сено,C1
акт,C1
указание,C1
перенести,C1
четверо,C1
прятать,C1
молния,C1
развернуть,C1
засыпать,C1
засыпать,C1
нажать,C1
социалистический,C1
глоток,C1
поза,C1
помимо,C1
пустота,C1
реальность,C1
музыкант,C1
славный,C1
сложить,C1
свидание,C1
брак,C1
глазок,C1
свинья,C1
рубаха,C1
спирт,C1
принц,C1
намерение,C1
грустно,C1
плод,C1
рубеж,C1
майка,C1
проявить,C1
соответствовать,C1
ножка,C1
обсуждать,C1
проход,C1
мистер,C1
происхождение,C1
доказывать,C1
заменить,C1
сломать,C1
миновать,C1
слыхать,C1
достижение,C1
выехать,C1
проявление,C1
цивилизация,C1
кивать,C1
вытянуть,C1
окоп,C1
поцеловать,C1
надёжный,C1
лишённый,C1
вежливо,C1
неловко,C1
использоваться,C1
грозить,C1
творчество,C1
хранить,C1
шевелиться,C1
наверх,C1
царский,C1
волга,C1
сидя,C1
доставать,C1
бросаться,C1
определять,C1
заключить,C1
коммунизм,C1
убежать,C1
шестьдесят,C1
малейший,C1
доходить,C1
визит,C1
корреспондент,C1
всерьёз,C1
посоветовать,C1
учреждение,C1
успевать,C1
нация,C1
прибыль,C1
атмосфера,C1
светиться,C1
рисковать,C1
величество,C1
стоимость,C1
характерный,C1
характерный,C1
впоследствии,C1
рвать,C1
соображать,C1
решаться,C1
страдание,C1
постучать,C1
походить,C1
явный,C1
превращаться,C1
вина,C1
ведьма,C1
зависимость,C1
сбежать,C1
рисунок,C1
германский,C1
отнюдь,C1
ноготь,C1
ложь,C1
соображение,C1
белок,C1
плоский,C1
повышение,C1
длительный,C1
присутствовать,C1
электрический,C1
охватить,C1
вспыхнуть,C1
папироса,C1
тряпка,C1
барон,C1
посетитель,C1
перемена,C1
деревенский,C1
хохотать,C1
кинуться,C1
неподалёку,C1
исходить,C1
ласково,C1
плита,C1
испытать,C1
сменить,C1
разойтись,C1
китай,C1
собачий,C1
окружающее,C1
картинка,C1
сердито,C1
комбат,C1
предупреждать,C1
рассмеяться,C1
вдвоём,C1
коллектив,C1
чтение,C1
объём,C1
исполнение,C1
триста,C1
пароход,C1
подвиг,C1
продукция,C1
воздействие,C1
кирпич,C1
копейка,C1
стальной,C1
наказание,C1
готовность,C1
уголок,C1
установка,C1
федерация,C1
жирный,C1
слуга,C1
способствовать,C1
ванный,C1
подпись,C1
сохраниться,C1
сбор,C1
гордиться,C1
отказ,C1
металл,C1
рисовать,C1
пещера,C1
тротуар,C1
атака,C1
решётка,C1
подземный,C1
божий,C1
переулок,C1
препарат,C1
спасать,C1
совещание,C1
поначалу,C1
нужда,C1
тыл,C1
рассуждать,C1
отчётливо,C1
браться,C1
помешать,C1
нестись,C1
наряд,C1
советник,C1
гимнастёрка,C1
очнуться,C1
догнать,C1
жалость,C1
чашка,C1
радостный,C1
люк,C1
шагнуть,C1
музыкальный,C1
спорт,C1
окружение,C1
арест,C1
оперативный,C1
прочь,C1
великолепный,C1
флот,C1
налог,C1
сорваться,C1
слепой,C1
демократия,C1
выделить,C1
приёмный,C1
подходящий,C1
олень,C1
турист,C1
изображать,C1
заложить,C1
эффект,C1
тихонько,C1
отыскать,C1
конференция,C1
разрыв,C1
сосна,C1
барин,C1
некуда,C1
поспешно,C1
будущий,C1
соединить,C1
нападение,C1
украина,C1
ругаться,C1
задать,C1
мыло,C1
невероятный,C1
возиться,C1
скрытый,C1
напрасно,C1
протокол,C1
лавка,C1
рассмотреть,C1
соглашаться,C1
примета,C1
усталость,C1
величина,C1
съезд,C1
выражать,C1
эксперимент,C1
боцман,C1
образоваться,C1
свеча,C1
болтать,C1
асфальт,C1
масштаб,C1
вылезть,C1
фактор,C1
небесный,C1
стоя,C1
обращение,C1
почта,C1
монах,C1
рюмка,C1
беседовать,C1
приподнять,C1
приключение,C1
старость,C1
зад,C1
недавний,C1
точность,C1
полевой,C1
четверть,C1
тронуть,C1
влажный,C1
дурацкий,C1
ценный,C1
перспектива,C1
охранник,C1
искусственный,C1
уважаемый,C1
справка,C1
письменный,C1
попадаться,C1
гнев,C1
почва,C1
плюс,C1
рог,C1
хитрый,C1
колдун,C1
полгода,C1
последующий,C1
надеть,C1
довести,C1
сочинение,C1
сопротивление,C1
мчаться,C1
осенний,C1
реформа,C1
долина,C1
десятый,C1
издание,C1
доход,C1
выслушать,C1
окошко,C1
расход,C1
жир,C1
змея,C1
рай,C1
уложить,C1
проспект,C1
несомненно,C1
психический,C1
схема,C1
заказать,C1
несчастье,C1
минимум,C1
англия,C1
покраснеть,C1
спасение,C1
подоконник,C1
неправильный,C1
подъём,C1
авиация,C1
изредка,C1
выпасть,C1
признание,C1
кончать,C1
советовать,C1
вырвать,C1
солдатский,C1
альбом,C1
гудеть,C1
усталый,C1
сжечь,C1
блюдо,C1
благодарить,C1
включая,C1
мебель,C1
ранее,C1
нарушить,C1
апрель,C1
толкнуть,C1
приличный,C1
кремль,C1
старичок,C1
тесный,C1
ай,C1
спальня,C1
учебный,C1
стремление,C1
облегчение,C1
пропадать,C1
пропадать,C1
вставить,C1
барак,C1
заслужить,C1
целовать,C1
глупо,C1
сок,C1
подозрение,C1
грустный,C1
пообещать,C1
наклониться,C1
деятель,C1
совершать,C1
полюбить,C1
отходить,C1
ручей,C1
отсутствовать,C1
небось,C1
нуждаться,C1
выиграть,C1
общение,C1
колбаса,C1
мелькнуть,C1
оборачиваться,C1
чудесный,C1
любитель,C1
трястись,C1
соответствие,C1
ошибаться,C1
показание,C1
испуганно,C1
легенда,C1
резать,C1
испытание,C1
окружающий,C1
потрясти,C1
кровавый,C1
удержаться,C1
мышка,C1
цветной,C1
челюсть,C1
опасаться,C1
отобрать,C1
ночевать,C1
италия,C1
тратить,C1
понести,C1
недовольный,C1
уход,C1
ремонт,C1
осколок,C1
соседка,C1
телеграмма,C1
отправляться,C1
вольный,C1
загадочный,C1
уголь,C1
согласие,C1
заключённый,C1
звон,C1
угадать,C1
заказ,C1
доверять,C1
разумный,C1
чеченец,C1
растеряться,C1
практика,C1
стойка,C1
железнодорожный,C1
интеллигенция,C1
лампочка,C1
застыть,C1
уверенно,C1
сметь,C1
ген,C1
мышца,C1
благодарность,C1
щёлкнуть,C1
категория,C1
нквд,C1
уголовный,C1
тупой,C1
пуговица,C1
подлинный,C1
чётко,C1
высказать,C1
наступление,C1
овердрафт,C1
батопорт,C1
хлебосольный,C1
геккон,C1
козёл,C2
лечить,C2
вытереть,C2
внезапный,C2
удивленно,C2
надолго,C2
раб,C2
максимальный,C2
включать,C2
привлечь,C2
превратить,C2
наверху,C2
образец,C2
давний,C2
ответственный,C2
стесняться,C2
скучно,C2
поделать,C2
наполнить,C2
выполнение,C2
фактически,C2
девятый,C2
падение,C2
имущество,C2
свалиться,C2
ток,C2
напряжённый,C2
подослать,C2
приезд,C2
пляж,C2
заболеть,C2
сюжет,C2
слон,C2
просыпаться,C2
просыпаться,C2
монастырь,C2
подросток,C2
богатство,C2
передо,C2
следовательно,C2
дневник,C2
жевать,C2
базар,C2
исполнить,C2
прыгнуть,C2
проволока,C2
проволока,C2
записывать,C2
ярость,C2
искренне,C2
уверять,C2
химический,C2
окончить,C2
охранять,C2
необычный,C2
задумываться,C2
предыдущий,C2
клясться,C2
воротник,C2
рослый,C2
подполковник,C2
разрушить,C2
аэропорт,C2
издали,C2
длина,C2
забытый,C2
авторитет,C2
мысленно,C2
принцесса,C2
туфля,C2
таскать,C2
нанести,C2
мудрый,C2
ветвь,C2
кризис,C2
дескать,C2
осторожный,C2
пожелать,C2
отъезд,C2
кгб,C2
накрыть,C2
залить,C2
нередко,C2
предок,C2
жидкость,C2
оркестр,C2
дыра,C2
поесть,C2
годиться,C2
волшебник,C2
счесть,C2
скрываться,C2
обвинение,C2
бред,C2
рис,C2
старательный,C2
маршрут,C2
привязать,C2
маршал,C2
дошлый,C2
завидовать,C2
большевик,C2
спинка,C2
аж,C2
общежитие,C2
представиться,C2
определение,C2
смертный,C2
спалить,C2
гад,C2
медный,C2
традиционный,C2
рвануть,C2
размышлять,C2
приблизиться,C2
приложить,C2
хлопать,C2
ерунда,C2
приступ,C2
крепость,C2
треск,C2
интервью,C2
сумерки,C2
проводник,C2
демократический,C2
подобно,C2
учительница,C2
конверт,C2
анекдот,C2
изобразить,C2
физиономия,C2
обижаться,C2
виднеться,C2
трамвай,C2
вылететь,C2
квартал,C2
риск,C2
дружок,C2
семьдесят,C2
колючий,C2
военно,C2
прыжок,C2
фабрика,C2
отмечать,C2
оболочка,C2
описание,C2
свидетельство,C2
взор,C2
адвокат,C2
раскрытый,C2
жуткий,C2
настаивать,C2
заведение,C2
восстановить,C2
рядовой,C2
покидать,C2
архив,C2
сердиться,C2
замысел,C2
попалить,C2
всюду,C2
курсант,C2
фуражка,C2
февраль,C2
капитал,C2
учитывать,C2
федеральный,C2
фашист,C2
вздыхать,C2
полотенце,C2
инструкция,C2
маг,C2
лужа,C2
наружу,C2
тонна,C2
моральный,C2
пьеса,C2
раздражение,C2
переставать,C2
неподвижный,C2
телевидение,C2
осознать,C2
одиннадцать,C2
жильё,C2
недолго,C2
шампанский,C2
выражаться,C2
процедура,C2
головной,C2
столичный,C2
конечный,C2
жених,C2
натура,C2
докладывать,C2
внести,C2
сельский,C2
нелепый,C2
маска,C2
конкурс,C2
технология,C2
проехать,C2
революционный,C2
юность,C2
рёв,C2
сибирь,C2
ад,C2
струя,C2
гордый,C2
видеться,C2
непосредственно,C2
мучить,C2
аккумулятор,C2
нетерпеливый,C2
берлин,C2
кисть,C2
проведение,C2
ставка,C2
провод,C2
провод,C2
нарисовать,C2
сдавать,C2
передовой,C2
стрельба,C2
исполнять,C2
реклама,C2
комендант,C2
оторваться,C2
премьера,C2
поворачиваться,C2
поцелуй,C2
нехорошо,C2
прогулка,C2
япония,C2
нарочно,C2
орёл,C2
приступить,C2
техник,C2
прогресс,C2
новенький,C2
трудность,C2
казарма,C2
набитый,C2
часовой,C2
нар,C2
кислота,C2
плотно,C2
удивить,C2
защитить,C2
юбка,C2
вначале,C2
промолчать,C2
полдень,C2
растерянно,C2
овраг,C2
неприятно,C2
пешком,C2
достигать,C2
череп,C2
доверие,C2
предоставить,C2
отнять,C2
рожа,C2
талантливый,C2
каюта,C2
символ,C2
дата,C2
промышленный,C2
физика,C2
неудобно,C2
регион,C2
игрушка,C2
шептать,C2
прозвучать,C2
сниться,C2
стыд,C2
матрос,C2
противный,C2
поклониться,C2
испортить,C2
оказать,C2
пугать,C2
мутный,C2
отложить,C2
гараж,C2
жрать,C2
выпилить,C2
фюрер,C2
вступать,C2
отчаянный,C2
выжить,C2
окраина,C2
издательство,C2
происшествие,C2
извлечь,C2
ноль,C2
приход,C2
премия,C2
чайник,C2
прихожая,C2
сосуд,C2
свести,C2
проводиться,C2
отказать,C2
огненный,C2
здешний,C2
косой,C2
котелок,C2
безусловно,C2
влезть,C2
юмор,C2
округ,C2
забросить,C2
хор,C2
бокал,C2
лондон,C2
заполнить,C2
машинка,C2
щит,C2
рюкзак,C2
вытирать,C2
фантазия,C2
учёт,C2
сверкать,C2
ткнуть,C2
благодарный,C2
молчаливый,C2
отстать,C2
мероприятие,C2
делиться,C2
трагедия,C2
чудовищный,C2
трясти,C2
развернуться,C2
награда,C2
партнёр,C2
соответственно,C2
отступать,C2
провалиться,C2
отпускать,C2
вопль,C2
перерыв,C2
прощаться,C2
приниматься,C2
набережная,C2
пыльный,C2
ругать,C2
воспитание,C2
весенний,C2
недоумение,C2
оглядеться,C2
казённый,C2
проявлять,C2
преподаватель,C2
приговор,C2
стадо,C2
калитка,C2
тревожный,C2
торговать,C2
копия,C2
отнести,C2
гениальный,C2
ласковый,C2
вица,C2
увеличение,C2
стремительно,C2
мадам,C2
унести,C2
катиться,C2
разделить,C2
гладкий,C2
греметь,C2
наслаждение,C2
табак,C2
космос,C2
придавать,C2
катастрофа,C2
избавиться,C2
командировка,C2
плюнуть,C2
убедить,C2
холодильник,C2
рассчитать,C2
выгнать,C2
пройтись,C2
зажать,C2
прижаться,C2
подход,C2
цепочка,C2
зависть,C2
действующий,C2
гул,C2
королевский,C2
зерно,C2
мучиться,C2
коммерческий,C2
пустяк,C2
классический,C2
котёл,C2
таковой,C2
обидно,C2
подряд,C2
стукнуть,C2
свидетельствовать,C2
скрыть,C2
хоббит,C2
флаг,C2
наблюдаться,C2
ступать,C2
пионер,C2
повышенный,C2
манера,C2
злость,C2
покончить,C2
жалоба,C2
положительный,C2
двойной,C2
популярный,C2
учение,C2
медаль,C2
откровенно,C2
шпион,C2
сезон,C2
пришелец,C2
поверх,C2
мелькать,C2
одеваться,C2
кинуть,C2
танцор,C2
преимущество,C2
завалить,C2
дёрнуть,C2
облик,C2
формула,C2
сынок,C2
беспокоить,C2
раздаваться,C2
хронический,C2
неуверенный,C2
мк,C2
намёк,C2
командование,C2
убеждённый,C2
застать,C2
протягивать,C2
грек,C2
оборот,C2
прилететь,C2
термин,C2
денежный,C2
извиняться,C2
неподвижно,C2
погаснуть,C2
чеченский,C2
обидеть,C2
идеал,C2
марш,C2
решительный,C2
умение,C2
волновать,C2
стройный,C2
стихотворение,C2
возбудить,C2
торжественный,C2
некого,C2
прохожий,C2
психологический,C2
покупатель,C2
безнадёжный,C2
спокойствие,C2
сгореть,C2
располагаться,C2
нефть,C2
желающий,C2
вена,C2
трактор,C2
разноцветный,C2
килограмм,C2
этакий,C2
проникнуть,C2
слышный,C2
зажечь,C2
эстония,C2
очутиться,C2
оказывать,C2
любопытный,C2
добыча,C2
роскошный,C2
ежели,C2
возить,C2
обычай,C2
опубликовать,C2
мотоцикл,C2
книжный,C2
разбить,C2
ванна,C2
продолжение,C2
политбюро,C2
диск,C2
ссылка,C2
совершенный,C2
ценить,C2
подчинённый,C2
тёща,C2
палуба,C2
меньший,C2
перчатка,C2
вложить,C2
выбить,C2
корейский,C2
пузырь,C2
серия,C2
прибавить,C2
верховный,C2
выносить,C2
выносить,C2
просторный,C2
неопределённый,C2
велосипед,C2
коснуться,C2
ресурс,C2
задыхаться,C2
эффективный,C2
тетрадь,C2
храниться,C2
зловещий,C2
абсолютный,C2
жажда,C2
постоялый,C2
алый,C2
разорвать,C2
мусор,C2
петух,C2
порошок,C2
религиозный,C2
донестись,C2
перехватить,C2
растение,C2
воспринимать,C2
удав,C2
башмак,C2
сего,C2
лыжа,C2
пропаганда,C2
руководить,C2
задержаться,C2
бык,C2
бешеный,C2
снижение,C2
опасно,C2
пасть,C2
плач,C2
перевернуть,C2
типичный,C2
салон,C2
надевать,C2
замечание,C2
беспокойство,C2
братец,C2
увезти,C2
нарушать,C2
выходной,C2
завернуть,C2
гостиный,C2
оборудование,C2
буфет,C2
аргумент,C2
рекомендовать,C2
лёт,C2
праздничный,C2
спустить,C2
набирать,C2
неожиданность,C2
цирк,C2
светло,C2
зарабатывать,C2
луг,C2
переводить,C2
подозрительный,C2
инвалид,C2
исход,C2
обрести,C2
ненужный,C2
бюро,C2
отдельно,C2
бедро,C2
допускать,C2
квадратный,C2
подробно,C2
сжать,C2
вздох,C2
зелень,C2
освобождение,C2
покоситься,C2
преступный,C2
село,C2
отступить,C2
аэродром,C2
чин,C2
влюблённый,C2
расстегнуть,C2
племя,C2
лагерный,C2
мышь,C2
грубо,C2
шуба,C2
всадник,C2
доступ,C2
крючок,C2
упереться,C2
небрежно,C2
очевидный,C2
медицина,C2
крутиться,C2
боевик,C2
осведомиться,C2
дрогнуть,C2
посольство,C2
бумажный,C2
прикрывать,C2
пребывание,C2
кончик,C2
упомянуть,C2
вцепиться,C2
миллиард,C2
напечатать,C2
монета,C2
свист,C2
нисколько,C2
солидный,C2
шерсть,C2
предположение,C2
сталинский,C2
раздражать,C2
повар,C2
тварь,C2
торжественно,C2
уточнить,C2
казак,C2
обеспечивать,C2
неудача,C2
электронный,C2
приглашение,C2
размышление,C2
градус,C2
школьник,C2
засунуть,C2
предстоящий,C2
биография,C2
симпатичный,C2
дровосек,C2
критика,C2
обедать,C2
китаец,C2
философия,C2
заодно,C2
видный,C2
набор,C2
пошло,C2
загадка,C2
характеристика,C2
проживать,C2
фантастический,C2
расстаться,C2
поэзия,C2
англичанин,C2
бинокль,C2
благополучно,C2
беспомощный,C2
колодец,C2
седло,C2
украинский,C2
повязка,C2
корточки,C2
существующий,C2
темнеть,C2
задумать,C2
порыв,C2
пробить,C2
вглядываться,C2
граната,C2
итальянский,C2
хутор,C2
комсомольский,C2
непосредственный,C2
густо,C2
чувствоваться,C2
практический,C2
воспаление,C2
добавлять,C2
пациент,C2
добыть,C2
подъехать,C2
печально,C2
палочка,C2
развитый,C2
графа,C2
покупка,C2
объявление,C2
роса,C2
сдвинуть,C2
безумный,C2
воробей,C2
простыня,C2
одесса,C2
десятилетие,C2
направляться,C2
научно,C2
невысокий,C2
дремать,C2
корзина,C2
петля,C2
болезненный,C2
кампания,C2
вспышка,C2
наказать,C2
гнездо,C2
столкнуться,C2
нежно,C2
вмешаться,C2
лысый,C2
перебирать,C2
своеобразный,C2
опоздать,C2
общаться,C2
покойник,C2
известие,C2
польша,C2
качать,C2
ягода,C2
столетие,C2
сдаваться,C2
длиться,C2
бензин,C2
окружать,C2
француз,C2
уговаривать,C2
упор,C2
отверстие,C2
рама,C2
польский,C2
одиночка,C2
описывать,C2
законный,C2
указ,C2
спрятаться,C2
уловить,C2
финский,C2
ограда,C2
ступень,C2
злоба,C2
скамья,C2
смесь,C2
ведать,C2
неплохой,C2
управлять,C2
кран,C2
пожарный,C2
погладить,C2
смертельный,C2
лениво,C2
открыто,C2
ежедневно,C2
успешно,C2
жидкий,C2
успокаивать,C2
суета,C2
зрелище,C2
возмутиться,C2
обширный,C2
учебник,C2
повиснуть,C2
потихоньку,C2
противоречие,C2
выстрелить,C2
ресница,C2
изумление,C2
полно,C2
пристально,C2
крутить,C2
башка,C2
священник,C2
сердечный,C2
переспросить,C2
подтверждать,C2
побег,C2
приветствовать,C2
опираться,C2
дуб,C2
бурный,C2
сжимать,C2
протяжение,C2
подмигнуть,C2
штурман,C2
похороны,C2
плевать,C2
налоговый,C2
хата,C2
мрачно,C2
сбоку,C2
немалый,C2
занести,C2
мм,C2
крохотный,C2
философ,C2
сонный,C2
заботиться,C2
двадцатый,C2
шепнуть,C2
невозможный,C2
уцелеть,C2
помереть,C2
таять,C2
поди,C2
расположение,C2
разработать,C2
модный,C2
отбросить,C2
швырнуть,C2
природный,C2
ребятишки,C2
пленный,C2
эпизод,C2
официально,C2
упустить,C2
прижимать,C2
знамя,C2
расставить,C2
яд,C2
сук,C2
сухо,C2
полоска,C2
зарубежный,C2
сохранять,C2
обман,C2
стонать,C2
вооружение,C2
капуста,C2
беречь,C2
звенеть,C2
аппетит,C2
нуль,C2
группировка,C2
проиграть,C2
партизан,C2
дуть,C2
закат,C2
тропинка,C2
вестись,C2
реветь,C2
справедливый,C2
самостоятельный,C2
деться,C2
чепуха,C2
историк,C2
хозяйственный,C2
удовлетворение,C2
презрительный,C2
разнообразный,C2
дерьмо,C2
специальность,C2
каблук,C2
японец,C2
фрукт,C2
чертовый,C2
равнодушно,C2
инициатива,C2
опускаться,C2
буркнуть,C2
забирать,C2
горько,C2
сценарий,C2
целиком,C2
милость,C2
вселенная,C2
пустынный,C2
пустынный,C2
доступный,C2
нравственный,C2
поручить,C2
купаться,C2
крупнейший,C2
привлекать,C2
сочинять,C2
сводить,C2
бесплатно,C2
молиться,C2
официант,C2
головка,C2
продавец,C2
гитара,C2
тройка,C2
напиться,C2
независимый,C2
досада,C2
увести,C2
простор,C2
театральный,C2
выключить,C2
танковый,C2
битва,C2
мирно,C2
добиваться,C2
вздрагивать,C2
утверждение,C2
стратегический,C2
выделяться,C2
очаг,C2
энергичный,C2
обходить,C2
нервно,C2
применяться,C2
копыто,C2
чистота,C2
информационный,C2
бульвар,C2
оранжевый,C2
интеллигент,C2
метаться,C2
утратить,C2
дракон,C2
матёрый,C2
мэр,C2
пилот,C2
поднести,C2
заговор,C2
заговор,C2
кол,C2
шлем,C2
сложённый,C2
окурок,C2
крыса,C2
вой,C2
госпожа,C2
поворачивать,C2
объясняться,C2
приоткрыть,C2
пропускать,C2
здоровенный,C2
оттенок,C2
обречённый,C2
правитель,C2
весло,C2
уникальный,C2
кишка,C2
буря,C2
прокуратура,C2
снимок,C2
армейский,C2
реагировать,C2
удержать,C2
пробежать,C2
негодяй,C2
проза,C2
терпение,C2
предназначить,C2
отчаянно,C2
призывать,C2
низко,C2
схватиться,C2
районный,C2
склониться,C2
терпеливо,C2
прошедший,C2
кузов,C2
внешность,C2
потребоваться,C2
вдали,C2
строчок,C2
диплом,C2
интеллигентный,C2
смутный,C2
почитать,C2
обманывать,C2
забраться,C2
порция,C2
слушаться,C2
витрина,C2
материя,C2
провал,C2
нахмуриться,C2
бессмертный,C2
скучный,C2
походка,C2
травма,C2
связывать,C2
любоваться,C2
отражение,C2
глухо,C2
лопнуть,C2
тяжкий,C2
пусто,C2
оборвать,C2
поперёк,C2
гладить,C2
бак,C2
освободиться,C2
поползти,C2
восемьдесят,C2
метод,C2
бесшумно,C2
мяч,C2
нищий,C2
скрипеть,C2
трасса,C2
вплоть,C2
отвезти,C2
грамм,C2
торжество,C2
свойственный,C2
преследовать,C2
купол,C2
мрак,C2
подсказать,C2
хребет,C2
шестнадцать,C2
обязательный,C2
проявляться,C2
идеология,C2
выдающийся,C2
издать,C2
узнавать,C2
угрожать,C2
ребро,C2
командующий,C2
повсюду,C2
залезть,C2
религия,C2
батюшка,C2
размахивать,C2
преодолеть,C2
основать,C2
улететь,C2
парадный,C2
упираться,C2
артиллерия,C2
трудиться,C2
поспешить,C2
пехота,C2
поп,C2
вылезать,C2
уронить,C2
победитель,C2
водиться,C2
выглянуть,C2
эмоциональный,C2
уговорить,C2
спрыгнуть,C2
платформа,C2
матч,C2
ржавый,C2
эмоция,C2
дружно,C2
пацан,C2
воровать,C2
убеждение,C2
окончательный,C2
обрыв,C2
плёнка,C2
изнутри,C2
посадка,C2
невыносимый,C2
блокнот,C2
разбойник,C2
откликнуться,C2
обитатель,C2
расходиться,C2
чёткий,C2
сверкающий,C2
мотив,C2
сооружение,C2
одинаково,C2
уничтожение,C2
полость,C2
насквозь,C2
расспрашивать,C2
удалиться,C2
уличный,C2
выводить,C2
выводить,C2
расследование,C2
нитка,C2
подавить,C2
сопротивляться,C2
младенец,C2
подчиняться,C2
постоять,C2
резиновый,C2
фигурка,C2
трезвый,C2
образованный,C2
поморщиться,C2
драгоценный,C2
игрок,C2
коза,C2
поискать,C2
интонация,C2
качаться,C2
порода,C2
лозунг,C2
уступать,C2
профессионал,C2
сотрудничество,C2
темп,C2
обещание,C2
презирать,C2
переводчик,C2
занавеска,C2
жадно,C2
соглашение,C2
давить,C2
печаль,C2
тюремный,C2
неважно,C2
вырезать,C2
вырезать,C2
знающий,C2
выпуск,C2
незнакомец,C2
гром,C2
указанный,C2
формирование,C2
недостаточно,C2
изделие,C2
казнь,C2
местность,C2
невроз,C2
прощение,C2
подчёркивать,C2
запеть,C2
покачиваться,C2
крошечный,C2
висок,C2
банда,C2
хохот,C2
рассуждение,C2
избежать,C2
траншея,C2
подбежать,C2
вытаскивать,C2
отвратительный,C2
кружиться,C2
холл,C2
гордо,C2
чистить,C2
мундир,C2
голубчик,C2
запустить,C2
неясный,C2
упорно,C2
кукла,C2
бессмысленный,C2
вправо,C2
конструкция,C2
наивный,C2
печатать,C2
выложить,C2
складываться,C2
распространить,C2
капитализм,C2
производственный,C2
веко,C2
корпорация,C2
тьфу,C2
тощий,C2
текущий,C2
поручение,C2
протест,C2
баран,C2
кличка,C2
погон,C2
потомок,C2
лунный,C2
сдерживать,C2
толкать,C2
бассейн,C2
пребывать,C2
попросту,C2
удерживать,C2
порядочный,C2
уволить,C2
печень,C2
мостовый,C2
податься,C2
непривычный,C2
защитник,C2
обеспечение,C2
потерпеть,C2
заслуга,C2
отвращение,C2
прислушаться,C2
судебный,C2
строитель,C2
ось,C2
устало,C2
приобретать,C2
стон,C2
пёстрый,C2
землянка,C2
спохватиться,C2
идеальный,C2
хирург,C2
равнодушный,C2
сексуальный,C2
установленный,C2
пригодиться,C2
молоденький,C2
тесно,C2
рельс,C2
изучение,C2
призыв,C2
вспыхивать,C2
объединить,C2
быт,C2
рождаться,C2
отдалённый,C2
сорт,C2
пластинка,C2
брюхо,C2
вправду,C2
стоянка,C2
правление,C2
падаль,C2
испуг,C2
увеличить,C2
британский,C2
будка,C2
постановление,C2
рим,C2
опускать,C2
издалёка,C2
жилец,C2
обсуждение,C2
дорого,C2
заря,C2
разработка,C2
отправлять,C2
касса,C2
уступить,C2
впрямь,C2
кипеть,C2
царство,C2
поплыть,C2
ворваться,C2
ничуть,C2
создаваться,C2
таблетка,C2
изложить,C2
сейф,C2
нагрузка,C2
горожанин,C2
горечь,C2
римский,C2
пейзаж,C2
посетить,C2
студенческий,C2
почётный,C2
шумно,C2
секретарша,C2
толчок,C2
замёрзнуть,C2
визг,C2
прохладный,C2
атомный,C2
существенный,C2
дымиться,C2
соединение,C2
заявлять,C2
млрд,C2
различать,C2
внимательный,C2
семя,C2
осёл,C2
делить,C2
слизистый,C2
изучить,C2
похоронить,C2
отрицательный,C2
багровый,C2
сетка,C2
ложный,C2
подразделение,C2
контракт,C2
устав,C2
равновесие,C2
том,C2
пруд,C2
плоть,C2
употреблять,C2
дымок,C2
снисходительный,C2
самоубийство,C2
посол,C2
провинция,C2
грань,C2
поздороваться,C2
публикация,C2
шумный,C2
комар,C2
купец,C2
офис,C2
фокус,C2
выкинуть,C2
разряд,C2
гонять,C2
трещина,C2
бытие,C2
кавказ,C2
изящный,C2
кастрюля,C2
нагнуться,C2
мудрость,C2
ведомство,C2
тронуться,C2
заросль,C2
щенок,C2
таблица,C2
людской,C2
вплотную,C2
содержаться,C2
сбегать,C2
сбегать,C2
презрение,C2
болтаться,C2
пошутить,C2
творить,C2
гусь,C2
красавец,C2
делегация,C2
выраженный,C2
подробный,C2
чудак,C2
повторяться,C2
доза,C2
взлететь,C2
эксперт,C2
сантиметр,C2
убирать,C2
трибуна,C2
застрять,C2
деловитый,C2
напасть,C2
ветерок,C2
конструктор,C2
плясать,C2
выразиться,C2
активно,C2
влево,C2
стоп,C2
питер,C2
лишить,C2
невский,C2
скатерть,C2
скучать,C2
боковой,C2
опомниться,C2
обувь,C2
пробираться,C2
присутствующий,C2
телега,C2
областной,C2
вал,C2
прорваться,C2
наткнуться,C2
дневной,C2
склонный,C2
почка,C2
око,C2
ёлка,C2
офицерский,C2
свалить,C2
скакать,C2
прибежать,C2
паровоз,C2
умолять,C2
змей,C2
рвануться,C2
проглотить,C2
вручить,C2
скользить,C2
па,C2
неизбежный,C2
мелодия,C2
даваться,C2
ура,C2
переносить,C2
расстройство,C2
объективный,C2
прозвище,C2
номенклатура,C2
отставать,C2
барьер,C2
премьер,C2
плакат,C2
вредный,C2
тоня,C2
вытянуться,C2
снаружи,C2
босой,C2
санитар,C2
орех,C2
обочина,C2
райком,C2
смело,C2
кататься,C2
превышать,C2
убегать,C2
сопровождаться,C2
угодить,C2
расстрел,C2
распорядиться,C2
задрать,C2
навестить,C2
огурец,C2
переехать,C2
отменить,C2
отмечаться,C2
удобно,C2
воинский,C2
самостоятельно,C2
зарасти,C2
мороженый,C2
усмешка,C2
валюта,C2
туго,C2
переглянуться,C2
правительственный,C2
определяться,C2
веранда,C2
обломок,C2
рассердиться,C2
курица,C2
придать,C2
пена,C2
предатель,C2
крестьянский,C2
пожить,C2
звонкий,C2
проникать,C2
достаточный,C2
высунуться,C2
дырка,C2
факультет,C2
тропа,C2
ручной,C2
паника,C2
виновато,C2
связаться,C2
торговец,C2
натянуть,C2
шарик,C2
предчувствие,C2
вопреки,C2
фальшивый,C2
избегать,C2
избегать,C2
копьё,C2
перестройка,C2
одеться,C2
молочный,C2
введение,C2
дипломат,C2
перец,C2
твориться,C2
гроза,C2
сравнительно,C2
индивидуальный,C2
вонючий,C2
ближний,C2
трагический,C2
интеллектуальный,C2
минутка,C2
возбуждение,C2
отставка,C2
бронзовый,C2
случайность,C2
живо,C2
заведующий,C2
кпсс,C2
настать,C2
практик,C2
выезд,C2
сало,C2
приказывать,C2
нарастать,C2
малость,C2
инстинкт,C2
объявлять,C2
наливать,C2
сомнительный,C2
бетонный,C2
катер,C2
съездить,C2
северо,C2
пятьсот,C2
прогноз,C2
дежурить,C2
попрощаться,C2
изумрудный,C2
прочный,C2
виски,C2
фиолетовый,C2
магический,C2
механический,C2
сектор,C2
прихватить,C2
виновный,C2
мёд,C2
размах,C2
неправда,C2
возвращать,C2
пяток,C2
посещение,C2
пополам,C2
насмешливо,C2
демонстрировать,C2
агентство,C2
слушатель,C2
затянуться,C2
кодекс,C2
коса,C2
коса,C2
удовлетворить,C2
аккуратный,C2
собор,C2
толь,C2
восстановление,C2
чудовище,C2
прилавок,C2
оправдать,C2
поделиться,C2
песенка,C2
разделять,C2
славка,C2
восемнадцать,C2
сталкер,C2
угрюмый,C2
подавлять,C2
выгодный,C2
топливо,C2
убеждать,C2
глина,C2
оглядывать,C2
почтительный,C2
располагать,C2
удачный,C2
объятие,C2
фонарик,C2
мучительно,C2
пазуха,C2
дорожный,C2
обнимать,C2
эшелон,C2
ир,C2
будить,C2
распахнуться,C2
обходиться,C2
сохранение,C2
осуществить,C2
испуганный,C2
откинуть,C2
листва,C2
раздел,C2
усадьба,C2
недаром,C2
злиться,C2
пропуск,C2
аналогичный,C2
выпрямиться,C2
газетный,C2
мыть,C2
обвинять,C2
сажать,C2
мораль,C2
вертеться,C2
человечек,C2
сустав,C2
нежность,C2
поражать,C2
комсомолец,C2
пострадать,C2
осложнение,C2
мучительный,C2
священный,C2
предпринять,C2
митинг,C2
дрожь,C2
местечко,C2
рассыпаться,C2
рассыпаться,C2
противно,C2
ленинский,C2
связать,C2
кредит,C2
кредит,C2
весть,C2
строиться,C2
бабочка,C2
снятой,C2
сослаться,C2
ущелье,C2
строительный,C2
выбежать,C2
ветеран,C2
шахта,C2
отодвинуть,C2
разбирать,C2
вс,C2
тревожно,C2
сытый,C2
бесконечно,C2
ноздря,C2
видимость,C2
питаться,C2
светило,C2
вскричать,C2
выхватить,C2
потрясать,C2
встречный,C2
единица,C2
пышный,C2
разводить,C2
звёздный,C2
трижды,C2
сложность,C2
воспитывать,C2
бесплатный,C2
вдова,C2
идеологический,C2
излишний,C2
пятеро,C2
берёза,C2
валенок,C2
предварительный,C2
позор,C2
фонтан,C2
затихнуть,C2
бес,C2
оригинальный,C2
тусклый,C2
пепел,C2
цепляться,C2
призрак,C2
восхищение,C2
бурый,C2
возникновение,C2
стража,C2
паренёк,C2
предъявить,C2
алкоголь,C2
ранг,C2
злато,C2
посещать,C2
сионистский,C2
просидеть,C2
ахнуть,C2
удаляться,C2
поздравлять,C2
чуять,C2
дёргать,C2
намеренный,C2
горячо,C2
тоненький,C2
уничтожать,C2
союзник,C2
живопись,C2
парламент,C2
худший,C2
смуглый,C2
семейство,C2
негр,C2
разыскать,C2
почерк,C2
коллекция,C2
молитва,C2
ритм,C2
стая,C2
блин,C2
расставаться,C2
внешне,C2
ишь,C2
загнать,C2
азия,C2
пересечь,C2
подружка,C2
израильский,C2
срочный,C2
пианистка,C2
развод,C2
круто,C2
ограниченный,C2
смутиться,C2
реализация,C2
пробка,C2
миска,C2
пан,C2
раздавить,C2
юридический,C2
пенсионер,C2
подводной,C2
утвердить,C2
шорох,C2
горшок,C2
незначительный,C2
невероятно,C2
матушка,C2
верхушка,C2
национальность,C2
тигр,C2
складка,C2
независимо,C2
вполголоса,C2
икона,C2
заканчиваться,C2
артиллерийский,C2
распространение,C2
учёба,C2
украсить,C2
котёнок,C2
спортсмен,C2
добывать,C2
серебро,C2
осматривать,C2
контролировать,C2
полотно,C2
прелесть,C2
всемирный,C2
вскинуть,C2
помчаться,C2
претензия,C2
сражение,C2
шевелить,C2
конфета,C2
растерять,C2
рывок,C2
опрокинуть,C2
икра,C2
послушно,C2
погрузить,C2
потный,C2
дрянь,C2
возвратиться,C2
категорически,C2
недовольно,C2
адмирал,C2
взорваться,C2
обхватить,C2
распространяться,C2
лёгкость,C2
сочувствие,C2
скотина,C2
вскрикнуть,C2
возглавлять,C2
округа,C2
табуретка,C2
финляндия,C2
показатель,C2
овца,C2
бессмысленно,C2
откинуться,C2
дружить,C2
акцент,C2
враждебный,C2
заметка,C2
робко,C2
отрывать,C2
тумбочка,C2
перебивать,C2
концепция,C2
увеличиваться,C2
грандиозный,C2
кидать,C2
математика,C2
земляк,C2
автомобильный,C2
краткий,C2
воображать,C2
мерцать,C2
предупреждение,C2
землянин,C2
раскалить,C2
сыр,C2
микрофон,C2
поляна,C2
скользнуть,C2
притихнуть,C2
покойный,C2
назначать,C2
автоматически,C2
фара,C2
ринуться,C2
особняк,C2
сторонник,C2
угрожающий,C2
хан,C2
немой,C2
солдатик,C2
верста,C2
конечность,C2
станок,C2
брезгливый,C2
букет,C2
заинтересовать,C2
стражник,C2
тенденция,C2
сборный,C2
адъютант,C2
видение,C2
видение,C2
напугать,C2
скомандовать,C2
подозрительно,C2
рация,C2
вяло,C2
искренний,C2
греческий,C2
милицейский,C2
донести,C2
плот,C2
припомнить,C2
редкость,C2
съёмка,C2
разрешать,C2
нетерпение,C2
схватка,C2
закусить,C2
магия,C2
слюна,C2
разложить,C2
ворчать,C2
чересчур,C2
покатиться,C2
отражать,C2
осуществлять,C2
вероятность,C2
наполовину,C2
вынимать,C2
аллея,C2
норовить,C2
сосредоточить,C2
удостоверение,C2
отныне,C2
ихний,C2
откровенный,C2
кустарник,C2
дисциплина,C2
клок,C2
треть,C2
взяток,C2
удачно,C2
оформить,C2
новичок,C2
выдумать,C2
исполнитель,C2
помниться,C2
нырнуть,C2
оправдываться,C2
обморок,C2
африка,C2
тыкать,C2
нехороший,C2
певец,C2
удивлённый,C2
погоня,C2
гребень,C2
солома,C2
независимость,C2
пульт,C2
фургон,C2
грузия,C2
старенький,C2
лиловый,C2
почтовый,C2
перекрёсток,C2
трещать,C2
организатор,C2
выслать,C2
мощность,C2
наместник,C2
стандартный,C2
близость,C2
фашистский,C2
кафедра,C2
рычаг,C2
террорист,C2
доставлять,C2
силуэт,C2
смущенно,C2
оппозиция,C2
оценивать,C2
проворчать,C2
соревнование,C2
величайший,C2
наслаждаться,C2
купе,C2
сионист,C2
ассоциация,C2
чуждый,C2
потащить,C2
семнадцать,C2
чердак,C2
взаимный,C2
поддаваться,C2
подставить,C2
запросто,C2
зрачок,C2
поблагодарить,C2
скука,C2
задерживаться,C2
мужество,C2
вежливый,C2
всевозможный,C2
бесполезно,C2
вмешиваться,C2
сазан,C2
остро,C2
любовник,C2
сани,C2
избранный,C2
поместить,C2
развалина,C2
обрушиться,C2
сотник,C2
психология,C2
различие,C2
овладеть,C2
коляска,C2
чемпион,C2
тупик,C2
тупик,C2
утонуть,C2
мыслить,C2
кура,C2
активность,C2
ползать,C2
аудитория,C2
поселиться,C2
композитор,C2
нападать,C2
нападать,C2
бытовой,C2
лавина,C2
шёлковый,C2
грусть,C2
приподняться,C2
даба,C2
завершить,C2
держава,C2
чушь,C2
мат,C2
поблизости,C2
ля,C2
судорожно,C2
канада,C2
тренер,C2
овощ,C2
входной,C2
наложить,C2
помахать,C2
комсомол,C2
цикл,C2
справедливо,C2
парнишка,C2
выбрасывать,C2
компьютерный,C2
стиснуть,C2
преданный,C2
следственный,C2
твердить,C2
медсестра,C2
сдаться,C2
наводить,C2
экземпляр,C2
плавно,C2
солёный,C2
заканчивать,C2
снести,C2
язва,C2
плена,C2
постройка,C2
ныть,C2
рубить,C2
сибирский,C2
лорд,C2
ирония,C2
